<?xml version="1.0" encoding="utf-8" ?><dwsync><file name="confirmation.html" server="ftp.waalweb.nl//subdomains/mw/httpdocs/lesstof/" local="3448966851" remote="319783739092136908" Dst="-1" /><file name="contact.html" server="ftp.waalweb.nl//subdomains/mw/httpdocs/lesstof/" local="3448966851" remote="319783739092146508" Dst="-1" /><file name="index.html" server="ftp.waalweb.nl//subdomains/mw/httpdocs/lesstof/" local="3448966851" remote="319783739092146568" Dst="-1" /><file name="prices.html" server="ftp.waalweb.nl//subdomains/mw/httpdocs/lesstof/" local="3448966851" remote="319783739092146508" Dst="-1" /><file name="background.jpg" server="ftp.waalweb.nl//subdomains/mw/httpdocs/lesstof/" local="3448966851" remote="319783739092136908" Dst="-1" /><file name="promocode.html" server="ftp.waalweb.nl//subdomains/mw/httpdocs/lesstof/" local="3448966852" remote="319783739092136908" Dst="-1" /><file name="promo.html" server="ftp.waalweb.nl//subdomains/mw/httpdocs/lesstof/" local="3448966852" remote="319783739092136908" Dst="-1" /><file name="rooms.html" server="ftp.waalweb.nl//subdomains/mw/httpdocs/lesstof/" local="3448966852" remote="319783739092146508" Dst="-1" /><file name="style.css" server="ftp.waalweb.nl//subdomains/mw/httpdocs/lesstof/" local="3448966852" remote="319783739092148188" Dst="-1" /><file name="spacer.gif" server="ftp.waalweb.nl//subdomains/mw/httpdocs/lesstof/" local="3448966852" remote="319783739092136908" Dst="-1" /><file name="background.jpg" server="ftp.waalweb.nl//subdomains/responsive/httpdocs/" local="3448966851" remote="-4611698075228270692" Dst="-1" /><file name="index.html" server="ftp.waalweb.nl//subdomains/responsive/httpdocs/" local="3469344147" remote="3469344120" Dst="-1" /><file name="confirmation.html" server="ftp.waalweb.nl//subdomains/responsive/httpdocs/" local="3448966851" remote="-4611698693703561316" Dst="-1" /><file name="contact.html" server="ftp.waalweb.nl//subdomains/responsive/httpdocs/" local="3467291860" remote="-4611718897229714020" Dst="-1" /><file name="prices.html" server="ftp.waalweb.nl//subdomains/responsive/httpdocs/" local="3467291868" remote="-4611719515705004644" Dst="-1" /><file name="promo.html" server="ftp.waalweb.nl//subdomains/responsive/httpdocs/" local="3448966852" remote="-4611698693703561316" Dst="-1" /><file name="promocode.html" server="ftp.waalweb.nl//subdomains/responsive/httpdocs/" local="3448966852" remote="-4611698693703561316" Dst="-1" /><file name="rooms.html" server="ftp.waalweb.nl//subdomains/responsive/httpdocs/" local="3467291874" remote="-4611719515705004644" Dst="-1" /><file name="spacer.gif" server="ftp.waalweb.nl//subdomains/responsive/httpdocs/" local="3448966852" remote="-4611698693703561316" Dst="-1" /><file name="style.css" server="ftp.waalweb.nl//subdomains/responsive/httpdocs/" local="3467291973" remote="-4611719515705004644" Dst="-1" /></dwsync>