<?xml version="1.0" encoding="utf-8" ?><dwsync><file name="contact.html" server="ftp.waalweb.nl//subdomains/mw/httpdocs/lesstof/" local="3448966851" remote="319783739092146508" Dst="-1" /><file name="index.html" server="ftp.waalweb.nl//subdomains/mw/httpdocs/lesstof/" local="3448966851" remote="319783739092146568" Dst="-1" /><file name="prices.html" server="ftp.waalweb.nl//subdomains/mw/httpdocs/lesstof/" local="3448966851" remote="319783739092146508" Dst="-1" /><file name="background.jpg" server="ftp.waalweb.nl//subdomains/mw/httpdocs/lesstof/" local="3448966851" remote="319783739092136908" Dst="-1" /><file name="rooms.html" server="ftp.waalweb.nl//subdomains/mw/httpdocs/lesstof/" local="3448966852" remote="319783739092146508" Dst="-1" /><file name="style.css" server="ftp.waalweb.nl//subdomains/mw/httpdocs/lesstof/" local="3448966852" remote="319783739092148188" Dst="-1" /><file name="spacer.gif" server="ftp.waalweb.nl//subdomains/mw/httpdocs/lesstof/" local="3448966852" remote="319783739092136908" Dst="-1" /><file name="background.jpg" server="ftp.waalweb.nl//subdomains/responsive/httpdocs/" local="3448966851" remote="-4611698075228270692" Dst="-1" /><file name="index.html" server="ftp.waalweb.nl//subdomains/responsive/httpdocs/" local="3494766298" remote="7789733596" Dst="-1" /><file name="contact.html" server="ftp.waalweb.nl//subdomains/responsive/httpdocs/" local="3494416025" remote="7789383316" Dst="-1" /><file name="prices.html" server="ftp.waalweb.nl//subdomains/responsive/httpdocs/" local="3494416051" remote="7789383316" Dst="-1" /><file name="rooms.html" server="ftp.waalweb.nl//subdomains/responsive/httpdocs/" local="3494416068" remote="7789383316" Dst="-1" /><file name="spacer.gif" server="ftp.waalweb.nl//subdomains/responsive/httpdocs/" local="3448966852" remote="-4611698693703561316" Dst="-1" /><file name="style.css" server="ftp.waalweb.nl//subdomains/responsive/httpdocs/" local="3467291973" remote="-4611719515705004644" Dst="-1" /><file name="venice.png" server="ftp.waalweb.nl//subdomains/responsive/httpdocs/" local="3494416553" remote="12084351272" Dst="-1" /><file name="gondola.jpg" server="ftp.waalweb.nl//subdomains/responsive/httpdocs/" local="3494764748" remote="12084700772" Dst="-1" /></dwsync>